epoch,step,val_loss
0,627,1.1211961507797241
1,1255,1.0224727392196655
2,1883,0.979675829410553
3,2511,0.9533125758171082
4,3139,0.9558621048927307
